"CodigoServico";"Servico";"Unidade";"DataVigencia";"ValorMaximo";"TipoValor";"Periodicidade";""
"CodigoServico";"Servico";"Unidade";"DataVigencia";"ValorMaximo";"TipoValor";"Periodicidade";""
"1101";"Confecção de cadastro para início de relacionamento - CADASTRO";"Por cliente";"2021-06-01";"0";"Real";"Por evento";""
"1309";"Ordem de Pagamento - ORDEM PAGAMENTO";"por operação";"2015-02-04";"200";"Real";"Por evento";""
"1701";"Venda de moeda estrangeira - espécie";"Por operação";"2021-06-01";"0";"Real";"Por evento";""
"1702";"Venda de moeda estrangeira - cheque de viagem";"Por operação";"2021-06-01";"0";"Real";"Por evento";""
"1703";"Venda de moeda estrangeira - cartão pré-pago - emissão e carga";"Por operação";"2021-06-01";"0";"Real";"Por evento";""
"1704";"Venda de moeda estrangeira - cartão pré-pago - recarga";"Por operação";"2021-06-01";"0";"Real";"Por evento";""
"1705";"Compra de moeda estrangeira - espécie";"Por operação";"2015-02-04";"30";"Real";"Por evento";""
"1706";"Compra de moeda estrangeira - cheque de viagem";"Por operação";"2015-11-01";"50";"Real";"Por evento";""
"1707";"Compra de moeda estrangeira - cartão pré-pago";"Por operação";"2021-06-01";"0";"Real";"Por evento";""
"CodigoServico";"Servico";"Unidade";"DataVigencia";"ValorMaximo";"TipoValor";"Periodicidade";""
"1101";"Confecção de cadastro para início de relacionamento - CADASTRO";"Por cliente";"2017-01-12";"0";"Real";"Por evento";""
"CodigoServico";"Servico";"Unidade";"DataVigencia";"ValorMaximo";"TipoValor";"Periodicidade";""
"CodigoServico";"Servico";"Unidade";"DataVigencia";"ValorMaximo";"TipoValor";"Periodicidade";""
"1101";"Confecção de cadastro para início de relacionamento - CADASTRO";"Por cliente";"2008-11-07";"500";"Real";"Por evento";""
"1206";"CHEQUE - Cheque Administrativo";"Por Cheque";"2008-04-30";"30";"Real";"Por evento";""
"1209";"Saque de conta de depósitos à vista e de poupança - SAQUE pessoal";"Por operação";"2014-07-06";"\"1";"5\"";"Real";"Por evento"
"1213";"Forn. de ext. de um periodo conta dep. à vista e poup. - EXTRATO (P)";"Por operação";"2008-04-30";"\"1";"5\"";"Real";"Por evento"
"1214";"Forn. de ext. de um periodo conta dep. à vista e poup. - EXTRATO (E)";"Por operação";"2014-07-06";"\"1";"5\"";"Real";"Por evento"
"1216";"Ext. mensal de conta de dep. à vista e poup. p/um período -EXTRATO(P)";"Por operação";"2008-04-30";"\"1";"5\"";"Real";"Por evento"
"1217";"Ext. mensal de conta de dep. à vista e Poup. p/um período - EXTRATO(E)";"por operação";"2014-07-06";"\"1";"5\"";"Real";"Por evento"
"1219";"\"Fornecimento de cópia de microfilme";" microficha ou assemelhado\"";"por operação";"2008-04-30";"5";"Real";"Por evento"
"1304";"Transferência agendada por meio de DOC/TED - DOC/TED agendado(P)";"por operação";"2010-08-23";"55";"Real";"Por evento";""
"1309";"Ordem de Pagamento - ORDEM PAGAMENTO";"por operação";"2010-08-23";"55";"Real";"Por evento";""
"1310";"Transferência por meio de DOC - DOC Pessoal";"por evento";"2011-04-01";"55";"Real";"Por evento";""
"1313";"Transferência por meio de TED - TED pessoal";"por evento";"2011-04-01";"55";"Real";"Por evento";""
"1401";"Concessão de adiantamento a depositante - ADIANT. DEPOSITANTE";"Por operação";"2008-04-30";"20";"Real";"Por evento";""
"1601";"Anuidade - cartão básico nacional";"a cada 365 dias";"2016-10-15";"600";"Real";"A cada 365 dias";""
"1602";"Fornecimento de 2ª via de cartão com função crédito";"por evento";"2016-10-15";"90";"Real";"Por evento";""
"1603";"Utilização de canais de atend. para retirada em espécie - no país";"por evento";"2016-10-15";"15";"Real";"Por evento";""
"1604";"Pagamento de contas utilizando a função crédito em espécie";"por evento";"2016-10-15";"15";"Real";"Por evento";""
"1605";"Avaliação emergencial de crédito";"por evento";"2016-10-15";"100";"Real";"Por evento";""
"1606";"Anuidade - cartão básico internacional";"a cada 365 dias";"2021-05-12";"1200";"Real";"A cada 365 dias";""
"1607";"Utilização de canais de atend. para retirada em espécie - no exterior";"por evento";"2021-05-12";"100";"Real";"Por evento";""
"1701";"Venda de moeda estrangeira - espécie";"Por operação";"2021-05-12";"350";"Real";"Por evento";""
"1702";"Venda de moeda estrangeira - cheque de viagem";"Por operação";"2021-05-12";"350";"Real";"Por evento";""
"1703";"Venda de moeda estrangeira - cartão pré-pago - emissão e carga";"Por operação";"2021-05-12";"350";"Real";"Por evento";""
"1704";"Venda de moeda estrangeira - cartão pré-pago - recarga";"Por operação";"2021-05-12";"350";"Real";"Por evento";""
"1705";"Compra de moeda estrangeira - espécie";"Por operação";"2021-05-12";"500";"Real";"Por evento";""
"1706";"Compra de moeda estrangeira - cheque de viagem";"Por operação";"2021-05-12";"1050";"Real";"Por evento";""
"1707";"Compra de moeda estrangeira - cartão pré-pago";"Por operação";"2021-05-12";"350";"Real";"Por evento";""
"CodigoServico";"Servico";"Unidade";"DataVigencia";"ValorMaximo";"TipoValor";"Periodicidade";""
"1101";"Confecção de cadastro para início de relacionamento - CADASTRO";"Por cliente";"2017-08-07";"55";"Real";"Por evento";""
"1201";"CARTÃO - Fornecimento de 2º via de cartão com função débito";"por cliente";"2017-08-07";"25";"Real";"Por evento";""
"1202";"CARTÃO - Fornec. de 2ª via de cartão com função mov. conta de poupança";"Por cliente";"2017-08-07";"25";"Real";"Por evento";""
"1203";"CHEQUE - Exclusão do Cadastro de Emitentes de Cheques sem Fundo (CCF)";"Por Operação";"2017-08-07";"75";"Real";"Por evento";""
"1204";"CHEQUE - Contra-ordem e oposição ao pagamento de cheque";"Por cheque";"2017-08-07";"35";"Real";"Por evento";""
"1205";"CHEQUE - Fornecimento de folhas de cheque";"por cheque";"2017-08-07";"2";"Real";"Por evento";""
"1206";"CHEQUE - Cheque Administrativo";"Por Cheque";"2017-08-07";"45";"Real";"Por evento";""
